1	James	jamm123	James	Male	james123@gmail.com	3242362363	Street1, Avenue5	12345	Bukit	Selangor 
2	Aurthur	autt32	Aruthur	Male	art@hotmail.com	1272358972	Technology Park4	43256	Kuala Lumpur	Selangor
3	Alvin	123	Alvin	Male	alvin@stary.co	0129876543	Alvin World	43290	Kelap	Kelantan
4	Zach	zac123	Zach	Female	zach@heri.com	0126386749	Disneyland	90836	Hk	Perlis
5	Rutth	rutthh123	Rut	Male	turh@company.com	0129847573	Technology Park 10	51550	River Curise	Melaka
6	kahxuan	kahxuan	kahxuan	Female	kahxuan	0123456789	dsadsadsad	11600	georgetown	kuala lumpur
